Competition,Active,Tier,Round,Deadline,MatchOrder,Player1,Score1,Player2,Score2,Winner,Extra,P1Handicap,P2Handicap
Championship,yes,tier-1,Prelim Round,Play by May 25,1,TBD,-,TBD,-,,no,,
Championship,yes,tier-1,Prelim Round,Play by May 25,2,TBD,-,TBD,-,,no,,
Championship,yes,tier-1,1st Round,Play by June 12,1,TBD,-,TBD,-,,no,,
Championship,yes,tier-2,Quarter Final,Play by July 22,1,TBD,-,TBD,-,,no,,
Championship,yes,tier-2,Semi Final,Play by August 10,1,TBD,-,TBD,-,,no,,
Championship,yes,tier-3,Final,Play by August 28,1,TBD,-,TBD,-,,no,,
Pairs,no,tier-1,1st Round,Play by June 12,1,TBD,-,TBD,-,,no,,
Pairs,no,tier-2,Semi Final,Play by August 10,1,TBD,-,TBD,-,,no,,
Pairs,no,tier-3,Final,Play by August 28,1,TBD,-,TBD,-,,no,,
Handicap,no,tier-1,1st Round,Play by June 12,1,TBD,-,TBD,-,,no,TBC,TBC
